nhan,auc,ci95,n_duong_tinh,ket_luan
ACL,0.6678921568627451,"[0.5111278044871795, 0.8003012912482066]",24,HON doan mo
MCL,0.6893424036281179,"[0.5068437499999999, 0.84444826007326]",9,HON doan mo
Medial Meniscus,0.7740384615384616,"[0.6564155844155845, 0.898446833930705]",26,HON doan mo
Lateral Meniscus,0.7490683229813665,"[0.604769155329796, 0.8723905204849498]",23,HON doan mo
Medial OA,0.8558139534883721,"[0.7484637034161491, 0.9525125313283207]",15,HON doan mo
Lateral OA,0.7678916827852997,"[0.6408102635396519, 0.8853199741435036]",11,HON doan mo
PF OA,0.7413127413127413,"[0.5936907634450677, 0.8780434782608694]",21,HON doan mo
Effusion,0.8322981366459627,"[0.7237745984973808, 0.928515625]",35,HON doan mo
Synovitis,0.7538829151732377,"[0.5926479095028441, 0.8721515151515151]",27,HON doan mo
Baker's,0.7989130434782609,"[0.6697489316239317, 0.9085669606234618]",12,HON doan mo
Contusion,0.7044534412955464,"[0.5366201469501326, 0.8398235049833886]",19,HON doan mo
Fracture,0.625,"[0.43932555289557684, 0.7906687062937061]",18,chua ket luan duoc
