fold,epoch,train_loss,val_loss,val_auc,pooling
0,1,0.7122324506441752,0.7251845598220825,0.5,mean
0,2,0.5797306497891744,0.7028689980506897,0.6,mean
0,3,0.5140610039234161,0.713301420211792,0.6,mean
0,4,0.4934690296649933,0.7366989254951477,0.65,mean
0,5,0.4980998933315277,0.7529581189155579,0.65,mean
0,6,0.47696323196093243,0.7633599042892456,0.7,mean
0,7,0.45920344193776447,0.7628191113471985,0.7,mean
0,8,0.4462972680727641,0.7573187947273254,0.7,mean
0,9,0.42956188321113586,0.7532756924629211,0.6,mean
0,10,0.41455891728401184,0.7525910139083862,0.55,mean
0,11,0.4079261322816213,0.7491971254348755,0.55,mean
0,12,0.3859451711177826,0.7493980526924133,0.55,mean
0,13,0.37593787908554077,0.7539324164390564,0.5,mean
0,14,0.3696229159832001,0.7542147040367126,0.5,mean
0,15,0.35329490900039673,0.7562321424484253,0.5,mean
0,16,0.3419055938720703,0.7565867304801941,0.5,mean
0,17,0.3332667946815491,0.7581853866577148,0.5,mean
0,18,0.32545046011606854,0.7651412487030029,0.5,mean
0,19,0.31705623865127563,0.7731428146362305,0.5,mean
0,20,0.31168220440546673,0.7781083583831787,0.5,mean
0,21,0.2899967432022095,0.7801187038421631,0.5,mean
0,22,0.300343985358874,0.7814429402351379,0.5,mean
0,23,0.2785518169403076,0.7854834794998169,0.5,mean
0,24,0.2797229488690694,0.7896007895469666,0.5,mean
0,25,0.2839333812395732,0.791881263256073,0.5,mean
0,26,0.2552970101435979,0.7952182292938232,0.5,mean
0,27,0.25308261811733246,0.8039828538894653,0.5,mean
0,28,0.23772298296292624,0.8094661235809326,0.5,mean
0,29,0.22228060166041055,0.8163456320762634,0.5,mean
0,30,0.2438903252283732,0.8216397762298584,0.5,mean
0,31,0.23443721731503805,0.8220413327217102,0.5,mean
0,32,0.23848022520542145,0.8221912980079651,0.5,mean
0,33,0.2270506223042806,0.8264701962471008,0.5,mean
0,34,0.2240335444609324,0.829305112361908,0.5,mean
0,35,0.21356117725372314,0.8360803127288818,0.5,mean
0,36,0.2054719626903534,0.841505765914917,0.5,mean
0,37,0.2056856801112493,0.8455842137336731,0.5,mean
0,38,0.2048430542151133,0.8515695333480835,0.5,mean
0,39,0.1876892944176992,0.8607720732688904,0.5,mean
0,40,0.1934920052687327,0.871819257736206,0.5,mean
0,41,0.18986779948075613,0.8767203092575073,0.5,mean
0,42,0.17825684448083243,0.8823091983795166,0.5,mean
0,43,0.17357085645198822,0.8848990797996521,0.5,mean
0,44,0.17574491600195566,0.8868866562843323,0.5,mean
0,45,0.16679721573988596,0.8892115354537964,0.5,mean
0,46,0.16970182955265045,0.8943755030632019,0.5,mean
0,47,0.1629055142402649,0.8988102674484253,0.5,mean
0,48,0.1592434992392858,0.9039857387542725,0.5,mean
0,49,0.15725261718034744,0.9080051779747009,0.5,mean
0,50,0.1480476806561152,0.9113577604293823,0.5,mean
0,51,0.14913006126880646,0.9141663312911987,0.5,mean
0,52,0.1413494994242986,0.9200419187545776,0.5,mean
0,53,0.146498404443264,0.9259036183357239,0.5,mean
0,54,0.1500406712293625,0.9323151707649231,0.5,mean
0,55,0.14468888193368912,0.9379070997238159,0.5,mean
0,56,0.13745593031247458,0.9430943727493286,0.5,mean
0,57,0.13204319526751837,0.9439953565597534,0.5,mean
0,58,0.13087318340937296,0.9467334747314453,0.5,mean
0,59,0.13510458916425705,0.9497804641723633,0.5,mean
0,60,0.1331859603524208,0.9560072422027588,0.5,mean
0,61,0.12475857138633728,0.9644936323165894,0.5,mean
0,62,0.12615956366062164,0.9688348770141602,0.5,mean
0,63,0.12036458154519399,0.9742891788482666,0.55,mean
0,64,0.1214969630042712,0.9792773723602295,0.55,mean
0,65,0.11063878734906514,0.9812650680541992,0.55,mean
0,66,0.1138433888554573,0.981499433517456,0.55,mean
0,67,0.10752083361148834,0.9847592115402222,0.55,mean
0,68,0.10891763369242351,0.9937373399734497,0.55,mean
0,69,0.1041201502084732,0.9986490607261658,0.55,mean
0,70,0.11559276034434636,1.002360463142395,0.55,mean
0,71,0.09873276948928833,1.001482605934143,0.55,mean
0,72,0.10533629109462102,1.001970887184143,0.55,mean
0,73,0.10465564082066219,1.0033814907073975,0.55,mean
0,74,0.09789738307396571,1.007738709449768,0.55,mean
0,75,0.09164822846651077,1.0135560035705566,0.55,mean
0,76,0.09947519501050313,1.0196795463562012,0.55,mean
0,77,0.09560848772525787,1.0280359983444214,0.55,mean
0,78,0.09380836288134257,1.032252550125122,0.55,mean
0,79,0.09422113994757335,1.0380336046218872,0.55,mean
0,80,0.0954566349585851,1.0412591695785522,0.55,mean
1,1,0.7083900968233744,0.6722545027732849,0.2777777777777778,mean
1,2,0.589004119237264,0.6561734676361084,0.2777777777777778,mean
1,3,0.5193714598814646,0.66823410987854,0.3333333333333333,mean
1,4,0.504995067914327,0.6925414800643921,0.2777777777777778,mean
1,5,0.48119967182477313,0.7138245105743408,0.2777777777777778,mean
1,6,0.466734379529953,0.730327844619751,0.2777777777777778,mean
1,7,0.46029109756151837,0.7414319515228271,0.2777777777777778,mean
1,8,0.4551475743452708,0.7449425458908081,0.2777777777777778,mean
1,9,0.41610584656397503,0.7486059069633484,0.2777777777777778,mean
1,10,0.40255773067474365,0.7489578127861023,0.2777777777777778,mean
1,11,0.38113651672999066,0.7488531470298767,0.2777777777777778,mean
1,12,0.3680356244246165,0.7480323910713196,0.2777777777777778,mean
1,13,0.36579424142837524,0.7483082413673401,0.2777777777777778,mean
1,14,0.3433103660742442,0.745229959487915,0.2777777777777778,mean
1,15,0.3339986304442088,0.7428915500640869,0.2777777777777778,mean
1,16,0.31868024667104083,0.7415959239006042,0.2777777777777778,mean
1,17,0.3143172760804494,0.7396184206008911,0.2777777777777778,mean
1,18,0.3063356578350067,0.7389312386512756,0.2777777777777778,mean
1,19,0.2939156989256541,0.7411656379699707,0.2777777777777778,mean
1,20,0.289071927467982,0.7425687313079834,0.2777777777777778,mean
1,21,0.26874620219071704,0.7439802289009094,0.2777777777777778,mean
1,22,0.26924113432566327,0.7463318705558777,0.2777777777777778,mean
1,23,0.26284414529800415,0.7496557235717773,0.2777777777777778,mean
1,24,0.2630244046449661,0.7543914914131165,0.2777777777777778,mean
1,25,0.2590453078349431,0.7585675716400146,0.2777777777777778,mean
1,26,0.2406144936879476,0.7629698514938354,0.2777777777777778,mean
1,27,0.24135477344195047,0.7693003416061401,0.2777777777777778,mean
1,28,0.23229371011257172,0.7750682830810547,0.2777777777777778,mean
1,29,0.22397147615750632,0.779671847820282,0.2777777777777778,mean
1,30,0.21100491285324097,0.7863361835479736,0.2777777777777778,mean
1,31,0.20786643524964651,0.7896323204040527,0.2777777777777778,mean
1,32,0.21532789866129556,0.7929422855377197,0.2777777777777778,mean
1,33,0.187960018714269,0.7970173358917236,0.2777777777777778,mean
1,34,0.19096567233403525,0.8021487593650818,0.2777777777777778,mean
1,35,0.1853972872098287,0.807934045791626,0.2777777777777778,mean
1,36,0.1852553884188334,0.8138887286186218,0.2777777777777778,mean
1,37,0.17742379009723663,0.8188745975494385,0.2777777777777778,mean
1,38,0.17683105170726776,0.823101282119751,0.2777777777777778,mean
1,39,0.16685386995474497,0.8300780057907104,0.2777777777777778,mean
1,40,0.17169963816801706,0.8345295190811157,0.2777777777777778,mean
1,41,0.16540088256200156,0.8393982648849487,0.2777777777777778,mean
1,42,0.15826442589362463,0.8430013656616211,0.2777777777777778,mean
1,43,0.14962338407834372,0.8439099788665771,0.2777777777777778,mean
1,44,0.14811305701732635,0.8450272679328918,0.2777777777777778,mean
1,45,0.14828760425249735,0.8474268317222595,0.2777777777777778,mean
1,46,0.1560247391462326,0.8512909412384033,0.2777777777777778,mean
1,47,0.13932274530331293,0.8556236624717712,0.2777777777777778,mean
1,48,0.14770695070425668,0.8597633838653564,0.2777777777777778,mean
1,49,0.12983698894580206,0.8632540106773376,0.2777777777777778,mean
1,50,0.12651907900969186,0.8697879910469055,0.2777777777777778,mean
1,51,0.12341255446275075,0.8751501441001892,0.2777777777777778,mean
1,52,0.12473835051059723,0.880462110042572,0.2777777777777778,mean
1,53,0.12436659137407939,0.8862866163253784,0.2777777777777778,mean
1,54,0.11971643318732579,0.8930968046188354,0.2777777777777778,mean
1,55,0.1198679730296135,0.8983696699142456,0.2777777777777778,mean
1,56,0.11000931014617284,0.9030578136444092,0.2777777777777778,mean
1,57,0.10769845296939214,0.9071953892707825,0.2777777777777778,mean
1,58,0.11666606614987056,0.9128623604774475,0.2777777777777778,mean
1,59,0.11002374937136968,0.9184061884880066,0.2777777777777778,mean
1,60,0.10004454602797826,0.9258508682250977,0.2777777777777778,mean
1,61,0.10186800360679626,0.9311814904212952,0.2777777777777778,mean
1,62,0.09144911170005798,0.9359344840049744,0.2777777777777778,mean
1,63,0.09750560919443767,0.9404690861701965,0.2777777777777778,mean
1,64,0.09424862762292226,0.9455373287200928,0.2777777777777778,mean
1,65,0.0897939254840215,0.948878824710846,0.2777777777777778,mean
1,66,0.09448959678411484,0.9493929743766785,0.2777777777777778,mean
1,67,0.09713983039061229,0.9519228339195251,0.2777777777777778,mean
1,68,0.08609599123398463,0.9538516998291016,0.2777777777777778,mean
1,69,0.09506910542647044,0.9556512832641602,0.2777777777777778,mean
1,70,0.09224866827329,0.9596402049064636,0.2777777777777778,mean
1,71,0.08807320396105449,0.9637370705604553,0.2777777777777778,mean
1,72,0.08337269971768062,0.9675989151000977,0.2777777777777778,mean
1,73,0.08041647324959438,0.9719557166099548,0.2777777777777778,mean
1,74,0.0800317997733752,0.9773108959197998,0.2777777777777778,mean
1,75,0.07648111507296562,0.9832098484039307,0.2777777777777778,mean
1,76,0.06921517600615819,0.9897210001945496,0.2777777777777778,mean
1,77,0.07483556494116783,0.9951268434524536,0.2777777777777778,mean
1,78,0.07521249478061993,0.9973350167274475,0.2777777777777778,mean
1,79,0.07066999872525533,0.9998413920402527,0.2777777777777778,mean
1,80,0.07743912438551585,1.0013554096221924,0.2777777777777778,mean
2,1,0.6808691223462423,0.6099011898040771,0.4166666666666667,mean
2,2,0.5737989942232767,0.5474831461906433,0.4166666666666667,mean
2,3,0.5505658288796743,0.5100867748260498,0.4166666666666667,mean
2,4,0.528675784667333,0.4971078634262085,0.4166666666666667,mean
2,5,0.5115845302740732,0.48620256781578064,0.4166666666666667,mean
2,6,0.49495671192804974,0.4835652709007263,0.4166666666666667,mean
2,7,0.46253909667332965,0.48195716738700867,0.4166666666666667,mean
2,8,0.4604053795337677,0.4835289716720581,0.4166666666666667,mean
2,9,0.44911108414332074,0.4820070266723633,0.3333333333333333,mean
2,10,0.426214059193929,0.48460790514945984,0.3333333333333333,mean
2,11,0.3996110459168752,0.48519596457481384,0.3333333333333333,mean
2,12,0.4110558529694875,0.48936155438423157,0.3333333333333333,mean
2,13,0.39444764455159503,0.4952032268047333,0.3333333333333333,mean
2,14,0.3725310266017914,0.5014836192131042,0.3333333333333333,mean
2,15,0.3663213749726613,0.5067201256752014,0.3333333333333333,mean
2,16,0.3608054419358571,0.5051087141036987,0.3333333333333333,mean
2,17,0.34502803285916644,0.5065068006515503,0.3333333333333333,mean
2,18,0.31272334853808087,0.5063655376434326,0.3333333333333333,mean
2,19,0.32535826166470844,0.5054928064346313,0.3333333333333333,mean
2,20,0.31461969017982483,0.5014212131500244,0.3333333333333333,mean
2,21,0.3077431321144104,0.5006399154663086,0.3333333333333333,mean
2,22,0.2891702552636464,0.5009579658508301,0.4166666666666667,mean
2,23,0.2779246320327123,0.4977635145187378,0.4166666666666667,mean
2,24,0.27639855941136676,0.4963338077068329,0.4166666666666667,mean
2,25,0.26864299178123474,0.49461501836776733,0.4166666666666667,mean
2,26,0.2546313852071762,0.4934994876384735,0.4166666666666667,mean
2,27,0.24673300484816232,0.4963803291320801,0.4166666666666667,mean
2,28,0.24382501343886057,0.4979410767555237,0.4166666666666667,mean
2,29,0.24077696104844412,0.49907222390174866,0.4166666666666667,mean
2,30,0.21770242353280386,0.5029801726341248,0.4166666666666667,mean
2,31,0.23346844812234244,0.5060534477233887,0.4166666666666667,mean
2,32,0.22188747922579447,0.5079342126846313,0.5,mean
2,33,0.21557636062304178,0.5093939900398254,0.5,mean
2,34,0.21602440377076468,0.5108288526535034,0.5,mean
2,35,0.20799869298934937,0.512786865234375,0.5,mean
2,36,0.2084295799334844,0.5136128067970276,0.5,mean
2,37,0.19837131599585214,0.5115435123443604,0.5,mean
2,38,0.19461490213871002,0.510418176651001,0.5,mean
2,39,0.1956634521484375,0.5124577283859253,0.5,mean
2,40,0.1834153781334559,0.5159685015678406,0.5,mean
2,41,0.17530331512292227,0.5149937272071838,0.4166666666666667,mean
2,42,0.175957461198171,0.5164386630058289,0.4166666666666667,mean
2,43,0.16976996262868246,0.5154278874397278,0.4166666666666667,mean
2,44,0.1731344610452652,0.5173804759979248,0.4166666666666667,mean
2,45,0.15665238598982492,0.5193421244621277,0.4166666666666667,mean
2,46,0.15827885766824087,0.5220482349395752,0.4166666666666667,mean
2,47,0.14927814404169717,0.52590411901474,0.4166666666666667,mean
2,48,0.14880643784999847,0.5279961228370667,0.4166666666666667,mean
2,49,0.14537358283996582,0.5302531719207764,0.4166666666666667,mean
2,50,0.1465193827946981,0.5332329273223877,0.4166666666666667,mean
2,51,0.13523216297229132,0.5347462892532349,0.4166666666666667,mean
2,52,0.13096837451060614,0.5358333587646484,0.4166666666666667,mean
2,53,0.1339192440112432,0.5355716347694397,0.4166666666666667,mean
2,54,0.13728433350721994,0.5357611775398254,0.4166666666666667,mean
2,55,0.1224903588493665,0.5377576351165771,0.4166666666666667,mean
2,56,0.12177249292532603,0.5377604961395264,0.4166666666666667,mean
2,57,0.12255653987328212,0.5371918082237244,0.4166666666666667,mean
2,58,0.1204672356446584,0.5379939675331116,0.4166666666666667,mean
2,59,0.12166038652261098,0.5388296246528625,0.4166666666666667,mean
2,60,0.11117169757684071,0.5399415493011475,0.3333333333333333,mean
2,61,0.12312961121400197,0.5403766632080078,0.3333333333333333,mean
2,62,0.1105926235516866,0.5408413410186768,0.3333333333333333,mean
2,63,0.10999856889247894,0.5426315665245056,0.3333333333333333,mean
2,64,0.1036375363667806,0.5467065572738647,0.3333333333333333,mean
2,65,0.10955648372570674,0.551337480545044,0.3333333333333333,mean
2,66,0.09790036578973134,0.5541035532951355,0.3333333333333333,mean
2,67,0.09971324602762859,0.5555379390716553,0.3333333333333333,mean
2,68,0.10097124179204305,0.557261049747467,0.3333333333333333,mean
2,69,0.09283329794804256,0.5595496296882629,0.3333333333333333,mean
2,70,0.09868081907431285,0.5610960721969604,0.3333333333333333,mean
2,71,0.10573180019855499,0.561730146408081,0.3333333333333333,mean
2,72,0.09347148984670639,0.5658841133117676,0.3333333333333333,mean
2,73,0.09222725282112758,0.5663679242134094,0.3333333333333333,mean
2,74,0.08895627409219742,0.5672827363014221,0.3333333333333333,mean
2,75,0.09451277057329814,0.570571780204773,0.3333333333333333,mean
2,76,0.08451870580514272,0.571987509727478,0.3333333333333333,mean
2,77,0.08513966202735901,0.5734950304031372,0.3333333333333333,mean
2,78,0.07825348774592082,0.5728500485420227,0.3333333333333333,mean
2,79,0.07801287372907002,0.5758786201477051,0.3333333333333333,mean
2,80,0.07670718183120091,0.57426917552948,0.3333333333333333,mean
3,1,0.6988280018170675,0.6550042033195496,0.375,mean
3,2,0.6089308063189188,0.6183339953422546,0.375,mean
3,3,0.5584442019462585,0.6172828078269958,0.3125,mean
3,4,0.5086285372575124,0.6273019909858704,0.3125,mean
3,5,0.5150336424509684,0.6447776556015015,0.3125,mean
3,6,0.48813626170158386,0.6641561388969421,0.3125,mean
3,7,0.46247485280036926,0.6780461072921753,0.3125,mean
3,8,0.4385923445224762,0.6880010366439819,0.4375,mean
3,9,0.44467801849047345,0.6921781897544861,0.4375,mean
3,10,0.43841254711151123,0.6909120082855225,0.4375,mean
3,11,0.4177169402440389,0.691084623336792,0.4375,mean
3,12,0.39487866560618085,0.689541757106781,0.4375,mean
3,13,0.3967958291371663,0.686508059501648,0.4375,mean
3,14,0.37958213686943054,0.6845663785934448,0.4375,mean
3,15,0.36768751343091327,0.6833301782608032,0.4375,mean
3,16,0.3495596448580424,0.6828204393386841,0.4375,mean
3,17,0.3480448027451833,0.6821628212928772,0.4375,mean
3,18,0.32954058051109314,0.6807825565338135,0.4375,mean
3,19,0.3285652995109558,0.6814056634902954,0.4375,mean
3,20,0.31950096289316815,0.6850054264068604,0.4375,mean
3,21,0.3107638160387675,0.690741240978241,0.5,mean
3,22,0.3058665891488393,0.6956775188446045,0.5,mean
3,23,0.29725300272305805,0.7026435136795044,0.5,mean
3,24,0.2857708732287089,0.7089290618896484,0.5,mean
3,25,0.28119969367980957,0.7139231562614441,0.5,mean
3,26,0.276863952477773,0.7149942517280579,0.5,mean
3,27,0.25551966826121014,0.7170310020446777,0.5,mean
3,28,0.2769453277190526,0.7185716032981873,0.5,mean
3,29,0.2590238004922867,0.7221324443817139,0.5,mean
3,30,0.2631201793750127,0.7258598804473877,0.5,mean
3,31,0.23907633622487387,0.7315890789031982,0.5,mean
3,32,0.23971714079380035,0.7361749410629272,0.5,mean
3,33,0.23575124641259512,0.7377510666847229,0.5625,mean
3,34,0.21910796066125235,0.740321695804596,0.5625,mean
3,35,0.21302641928195953,0.7473284602165222,0.5625,mean
3,36,0.2110216667254766,0.750944197177887,0.5625,mean
3,37,0.21470538278420767,0.7534160614013672,0.5625,mean
3,38,0.20784044762452444,0.7549241185188293,0.5625,mean
3,39,0.1909067283074061,0.7566874027252197,0.5625,mean
3,40,0.1967007170120875,0.7574736475944519,0.5625,mean
3,41,0.20799726247787476,0.7586904168128967,0.5625,mean
3,42,0.186208908756574,0.7621303796768188,0.5625,mean
3,43,0.18853659927845,0.7662910223007202,0.625,mean
3,44,0.1791661580403646,0.7684001922607422,0.625,mean
3,45,0.18536195158958435,0.7746983766555786,0.625,mean
3,46,0.18534017105897269,0.7820301055908203,0.625,mean
3,47,0.17593727509180704,0.7893669605255127,0.625,mean
3,48,0.17188766598701477,0.7927440404891968,0.625,mean
3,49,0.15905658900737762,0.7961775064468384,0.625,mean
3,50,0.15744754175345102,0.7984076738357544,0.625,mean
3,51,0.15611369411150613,0.8019754886627197,0.625,mean
3,52,0.15882488836844763,0.8051372170448303,0.625,mean
3,53,0.16415534416834512,0.8105255961418152,0.625,mean
3,54,0.16039805114269257,0.8159537315368652,0.625,mean
3,55,0.15675324201583862,0.8194363117218018,0.625,mean
3,56,0.14460508773724237,0.824418306350708,0.625,mean
3,57,0.14064335326353708,0.8290359377861023,0.625,mean
3,58,0.14258363346258798,0.8309699892997742,0.625,mean
3,59,0.13714934388796488,0.831034779548645,0.625,mean
3,60,0.1368122547864914,0.8335204124450684,0.625,mean
3,61,0.139280175169309,0.8352963328361511,0.625,mean
3,62,0.13213751961787543,0.8367207050323486,0.625,mean
3,63,0.1331521843870481,0.8384771943092346,0.625,mean
3,64,0.12180712570746739,0.8401493430137634,0.625,mean
3,65,0.11779171228408813,0.842121958732605,0.625,mean
3,66,0.12271715700626373,0.8461951017379761,0.6875,mean
3,67,0.13227112342913946,0.8517493009567261,0.6875,mean
3,68,0.11714190989732742,0.8577504754066467,0.6875,mean
3,69,0.11604377379020055,0.8628139495849609,0.6875,mean
3,70,0.11162334928909938,0.865027129650116,0.6875,mean
3,71,0.11306813855965932,0.8687790632247925,0.6875,mean
3,72,0.10620349645614624,0.871961772441864,0.6875,mean
3,73,0.1063363328576088,0.8716710209846497,0.6875,mean
3,74,0.10640890151262283,0.8721434473991394,0.6875,mean
3,75,0.11242129405339558,0.876298189163208,0.6875,mean
3,76,0.10554409523804982,0.8787596821784973,0.6875,mean
3,77,0.0990376149614652,0.8826043009757996,0.6875,mean
3,78,0.09829654047886531,0.8864021301269531,0.6875,mean
3,79,0.09066150337457657,0.8912574052810669,0.6875,mean
3,80,0.09688147157430649,0.8951476216316223,0.6875,mean
4,1,0.707720140616099,0.633754312992096,0.35714285714285715,mean
4,2,0.588662326335907,0.5927698016166687,0.35714285714285715,mean
4,3,0.5297342737515768,0.5944527387619019,0.35714285714285715,mean
4,4,0.5185452500979105,0.6026192903518677,0.35714285714285715,mean
4,5,0.4977397123972575,0.6146126985549927,0.42857142857142855,mean
4,6,0.4825411339600881,0.6209322214126587,0.5,mean
4,7,0.47462326288223267,0.6248899698257446,0.5714285714285714,mean
4,8,0.44551392396291095,0.6214554309844971,0.5714285714285714,mean
4,9,0.4445255696773529,0.6185296773910522,0.6428571428571429,mean
4,10,0.4164704382419586,0.6149039268493652,0.6428571428571429,mean
4,11,0.40026214718818665,0.6138522028923035,0.6428571428571429,mean
4,12,0.3851766387621562,0.611224353313446,0.6428571428571429,mean
4,13,0.3702016870180766,0.6052998304367065,0.6428571428571429,mean
4,14,0.35985549290974933,0.6068153977394104,0.6428571428571429,mean
4,15,0.35523035128911334,0.6070624589920044,0.6428571428571429,mean
4,16,0.3362952967484792,0.6078059077262878,0.6428571428571429,mean
4,17,0.33016471068064374,0.6089431047439575,0.6428571428571429,mean
4,18,0.31842214862505597,0.6070365309715271,0.6428571428571429,mean
4,19,0.32732171813646954,0.6094592809677124,0.6428571428571429,mean
4,20,0.30494340260823566,0.6058601140975952,0.6428571428571429,mean
4,21,0.30643511811892193,0.6101478934288025,0.6428571428571429,mean
4,22,0.2893644670645396,0.6120517253875732,0.6428571428571429,mean
4,23,0.2833263079325358,0.6119604110717773,0.6428571428571429,mean
4,24,0.2746782799561818,0.6141046285629272,0.6428571428571429,mean
4,25,0.263771856824557,0.6166484355926514,0.6428571428571429,mean
4,26,0.25889572004477185,0.6172962188720703,0.6428571428571429,mean
4,27,0.2614570160706838,0.6219485998153687,0.6428571428571429,mean
4,28,0.25443097949028015,0.6278207302093506,0.6428571428571429,mean
4,29,0.24170167744159698,0.6318738460540771,0.6428571428571429,mean
4,30,0.24193629125754038,0.6373260021209717,0.6428571428571429,mean
4,31,0.2212885022163391,0.6407334208488464,0.6428571428571429,mean
4,32,0.21920226514339447,0.6460351943969727,0.6428571428571429,mean
4,33,0.22261681159337363,0.6499168872833252,0.6428571428571429,mean
4,34,0.21131228903929392,0.6554770469665527,0.6428571428571429,mean
4,35,0.20816481610139212,0.6584522128105164,0.6428571428571429,mean
4,36,0.2126769721508026,0.6587278842926025,0.6428571428571429,mean
4,37,0.20144814749558768,0.6595650911331177,0.6428571428571429,mean
4,38,0.19386769831180573,0.6600701212882996,0.6428571428571429,mean
4,39,0.2016370048125585,0.6667269468307495,0.6428571428571429,mean
4,40,0.19835308194160461,0.6734713315963745,0.6428571428571429,mean
4,41,0.1824728101491928,0.6773181557655334,0.6428571428571429,mean
4,42,0.17195414006710052,0.6734105348587036,0.6428571428571429,mean
4,43,0.1690500924984614,0.6727871894836426,0.6428571428571429,mean
4,44,0.16735975941022238,0.6717894077301025,0.6428571428571429,mean
4,45,0.15810061991214752,0.6732785701751709,0.6428571428571429,mean
4,46,0.16612059871355692,0.6756758689880371,0.6428571428571429,mean
4,47,0.16462848087151846,0.6771285533905029,0.6428571428571429,mean
4,48,0.16508707900842032,0.6754903793334961,0.6428571428571429,mean
4,49,0.15067719916502634,0.6758568286895752,0.6428571428571429,mean
4,50,0.15253491699695587,0.6802725791931152,0.6428571428571429,mean
4,51,0.14547379314899445,0.6840272545814514,0.6428571428571429,mean
4,52,0.13833872973918915,0.6888100504875183,0.6428571428571429,mean
4,53,0.13431684921185175,0.6946237087249756,0.6428571428571429,mean
4,54,0.1306539848446846,0.6981285214424133,0.6428571428571429,mean
4,55,0.13775364061196646,0.7014126181602478,0.6428571428571429,mean
4,56,0.1369940588871638,0.7042685151100159,0.6428571428571429,mean
4,57,0.12607593089342117,0.7091608643531799,0.6428571428571429,mean
4,58,0.12655400981505713,0.7124971747398376,0.6428571428571429,mean
4,59,0.13970571756362915,0.7181121110916138,0.6428571428571429,mean
4,60,0.12259097894032796,0.7201908826828003,0.6428571428571429,mean
4,61,0.12078565855820973,0.7190452218055725,0.6428571428571429,mean
4,62,0.1252314349015554,0.7184375524520874,0.6428571428571429,mean
4,63,0.11896524826685588,0.7214927077293396,0.6428571428571429,mean
4,64,0.11270138621330261,0.7219469547271729,0.6428571428571429,mean
4,65,0.11489774783452351,0.7219545841217041,0.6428571428571429,mean
4,66,0.11272286623716354,0.7266693115234375,0.6428571428571429,mean
4,67,0.10856659213701884,0.7276653051376343,0.6428571428571429,mean
4,68,0.10668197274208069,0.7332525849342346,0.6428571428571429,mean
4,69,0.10921809822320938,0.7368491291999817,0.6428571428571429,mean
4,70,0.09588078906138738,0.7418531179428101,0.6428571428571429,mean
4,71,0.10167241096496582,0.7472321391105652,0.6428571428571429,mean
4,72,0.09761420140663783,0.7531511783599854,0.6428571428571429,mean
4,73,0.10110750794410706,0.7564330101013184,0.6428571428571429,mean
4,74,0.09162063151597977,0.7577984929084778,0.7142857142857143,mean
4,75,0.08971236397822697,0.7599934339523315,0.7142857142857143,mean
4,76,0.09667358050743739,0.761310875415802,0.7142857142857143,mean
4,77,0.08521452049414317,0.7684377431869507,0.7142857142857143,mean
4,78,0.08419454594453175,0.7735626697540283,0.7142857142857143,mean
4,79,0.0900658443570137,0.7780635952949524,0.7142857142857143,mean
4,80,0.08361718555291493,0.7771284580230713,0.7142857142857143,mean
0,1,0.8437532186508179,0.7433612942695618,0.5,max
0,2,0.6111315886179606,0.766099214553833,0.55,max
0,3,0.5489580531915029,0.8327234983444214,0.5,max
0,4,0.5257493058840433,0.887196958065033,0.45,max
0,5,0.5355891386667887,0.8927580714225769,0.4,max
0,6,0.4899034599463145,0.8846561908721924,0.4,max
0,7,0.452489177385966,0.8531535863876343,0.4,max
0,8,0.4510062833627065,0.8301551342010498,0.4,max
0,9,0.4257554014523824,0.8233050107955933,0.45,max
0,10,0.3930058181285858,0.8257467746734619,0.5,max
0,11,0.3995046118895213,0.8185213804244995,0.5,max
0,12,0.3545413513978322,0.8165997266769409,0.55,max
0,13,0.34033429622650146,0.8202596306800842,0.55,max
0,14,0.33925960461298627,0.8109692335128784,0.55,max
0,15,0.30851106842358905,0.8083611130714417,0.55,max
0,16,0.28640946249167126,0.8089612722396851,0.55,max
0,17,0.2809133529663086,0.819726824760437,0.55,max
0,18,0.28443299730618793,0.842327356338501,0.55,max
0,19,0.25054243703683216,0.8663446307182312,0.55,max
0,20,0.26131859918435413,0.877065896987915,0.55,max
0,21,0.2272144854068756,0.8760184645652771,0.55,max
0,22,0.24172371129194895,0.8702230453491211,0.55,max
0,23,0.21761331458886465,0.8663617968559265,0.55,max
0,24,0.22368942697842917,0.867917001247406,0.55,max
0,25,0.21184594432512918,0.8718958497047424,0.55,max
0,26,0.18888691067695618,0.8799455165863037,0.55,max
0,27,0.194745605190595,0.9053170680999756,0.55,max
0,28,0.17081365982691446,0.9175959825515747,0.55,max
0,29,0.15072580178578696,0.9221266508102417,0.55,max
0,30,0.18041456739107767,0.9184443354606628,0.55,max
0,31,0.16341517368952432,0.9070483446121216,0.55,max
0,32,0.1620421806971232,0.8983485698699951,0.55,max
0,33,0.15914573768774667,0.9087992906570435,0.55,max
0,34,0.15754860639572144,0.9146920442581177,0.55,max
0,35,0.14736523727575937,0.9295618534088135,0.55,max
0,36,0.14284556607405344,0.9456486105918884,0.55,max
0,37,0.1278888781865438,0.9583479762077332,0.55,max
0,38,0.13273602724075317,0.9630333781242371,0.55,max
0,39,0.11719682315985362,0.9701759815216064,0.55,max
0,40,0.12209361046552658,0.9842569828033447,0.55,max
0,41,0.11430700371662776,0.9871989488601685,0.55,max
0,42,0.1101152350505193,0.9949028491973877,0.55,max
0,43,0.11156818022330602,0.992547333240509,0.55,max
0,44,0.10343315700689952,0.9865018129348755,0.55,max
0,45,0.09609015534321468,0.9877334237098694,0.55,max
0,46,0.10065563768148422,0.9943492412567139,0.55,max
0,47,0.08936041345198949,1.0013694763183594,0.55,max
0,48,0.09467913458744685,1.0077705383300781,0.55,max
0,49,0.0825645923614502,1.0149364471435547,0.55,max
0,50,0.07740147163470586,1.01570725440979,0.55,max
0,51,0.0854394535223643,1.018650770187378,0.55,max
0,52,0.08197451382875443,1.024855613708496,0.55,max
0,53,0.08996231357256572,1.0333304405212402,0.55,max
0,54,0.07271370788415273,1.0425165891647339,0.55,max
0,55,0.08351650834083557,1.0547189712524414,0.55,max
0,56,0.07463573167721431,1.0648170709609985,0.55,max
0,57,0.06961613272627194,1.0661288499832153,0.55,max
0,58,0.07101578762133916,1.06710946559906,0.55,max
0,59,0.07902249445517857,1.0671095848083496,0.55,max
0,60,0.08272889753182729,1.0693455934524536,0.55,max
0,61,0.06271294876933098,1.0813026428222656,0.55,max
0,62,0.06370912740627925,1.093479871749878,0.55,max
0,63,0.06278987477223079,1.0991206169128418,0.55,max
0,64,0.05707835406064987,1.1010608673095703,0.55,max
0,65,0.05835265666246414,1.101392388343811,0.55,max
0,66,0.05996397385994593,1.1079992055892944,0.55,max
0,67,0.059495847672224045,1.1170412302017212,0.55,max
0,68,0.06691201031208038,1.126664638519287,0.55,max
0,69,0.054278978457053505,1.1281613111495972,0.55,max
0,70,0.05142107233405113,1.1312237977981567,0.55,max
0,71,0.0541962335507075,1.1269335746765137,0.55,max
0,72,0.05022599175572395,1.1314579248428345,0.55,max
0,73,0.05641248822212219,1.1334553956985474,0.55,max
0,74,0.05539833257595698,1.1429752111434937,0.55,max
0,75,0.044947125017642975,1.1519274711608887,0.55,max
0,76,0.04812691857417425,1.1515718698501587,0.55,max
0,77,0.05315627778569857,1.1566526889801025,0.55,max
0,78,0.04439920435349146,1.1560320854187012,0.55,max
0,79,0.0488459641734759,1.159577488899231,0.55,max
0,80,0.04557575782140096,1.1560816764831543,0.55,max
1,1,0.7542653282483419,0.6766900420188904,0.4444444444444444,max
1,2,0.5832266211509705,0.7564314007759094,0.4444444444444444,max
1,3,0.5460419555505117,0.8194342255592346,0.4444444444444444,max
1,4,0.5542965531349182,0.8418470621109009,0.5,max
1,5,0.4797267019748688,0.8375104665756226,0.5,max
1,6,0.4658569395542145,0.8251755237579346,0.5,max
1,7,0.46724799275398254,0.8183802366256714,0.4444444444444444,max
1,8,0.4551636079947154,0.7946884036064148,0.4444444444444444,max
1,9,0.3818865716457367,0.7788109183311462,0.4444444444444444,max
1,10,0.3826102415720622,0.7654315829277039,0.3888888888888889,max
1,11,0.3215501606464386,0.7580781579017639,0.3888888888888889,max
1,12,0.3252824544906616,0.7599374651908875,0.3888888888888889,max
1,13,0.30904621879259747,0.764510989189148,0.3888888888888889,max
1,14,0.296824316183726,0.7622116804122925,0.3888888888888889,max
1,15,0.2920224020878474,0.7648334503173828,0.3888888888888889,max
1,16,0.2691498001416524,0.768296480178833,0.3888888888888889,max
1,17,0.24629860619703928,0.7707473039627075,0.3888888888888889,max
1,18,0.24446390072504678,0.7768305540084839,0.3888888888888889,max
1,19,0.22496082385381064,0.7879168391227722,0.3888888888888889,max
1,20,0.21224617461363474,0.7959386706352234,0.3333333333333333,max
1,21,0.2159747431675593,0.802010715007782,0.3333333333333333,max
1,22,0.20516145726044974,0.812363862991333,0.3333333333333333,max
1,23,0.19852001468340555,0.821681559085846,0.3333333333333333,max
1,24,0.18475609521071115,0.8291090130805969,0.3333333333333333,max
1,25,0.18018307288487753,0.832155168056488,0.3333333333333333,max
1,26,0.17035406331221262,0.8349142074584961,0.3333333333333333,max
1,27,0.17366893092791238,0.8374566435813904,0.3333333333333333,max
1,28,0.16081027686595917,0.845488965511322,0.3333333333333333,max
1,29,0.14654300610224405,0.8494817018508911,0.3333333333333333,max
1,30,0.14890160659948984,0.8583559989929199,0.3333333333333333,max
1,31,0.13607526322205862,0.8621823787689209,0.3333333333333333,max
1,32,0.13999606668949127,0.8619376420974731,0.3333333333333333,max
1,33,0.1211356371641159,0.8636678457260132,0.3333333333333333,max
1,34,0.1331007977326711,0.868484616279602,0.3888888888888889,max
1,35,0.11599598328272502,0.8791933059692383,0.3888888888888889,max
1,36,0.13212770223617554,0.8900678157806396,0.3888888888888889,max
1,37,0.11029186099767685,0.8975233435630798,0.3888888888888889,max
1,38,0.11591464777787526,0.9023675918579102,0.3888888888888889,max
1,39,0.10212392608324687,0.9102219343185425,0.3888888888888889,max
1,40,0.11660962551832199,0.91374272108078,0.3888888888888889,max
1,41,0.09897458304961522,0.9128687381744385,0.3888888888888889,max
1,42,0.10339381545782089,0.9133861064910889,0.3888888888888889,max
1,43,0.09822520365317662,0.9149840474128723,0.3888888888888889,max
1,44,0.0940836767355601,0.9241763353347778,0.3888888888888889,max
1,45,0.09367772688468297,0.9319546818733215,0.3888888888888889,max
1,46,0.09456708033879598,0.9400696158409119,0.3888888888888889,max
1,47,0.08501509328683217,0.9472423195838928,0.3888888888888889,max
1,48,0.0780176321665446,0.9538052678108215,0.3888888888888889,max
1,49,0.07406709094842275,0.9522461295127869,0.3888888888888889,max
1,50,0.07533693437774976,0.9576921463012695,0.3888888888888889,max
1,51,0.0704838993648688,0.9648046493530273,0.3888888888888889,max
1,52,0.07803452759981155,0.9748141765594482,0.3888888888888889,max
1,53,0.07756722966829936,0.9866054058074951,0.3888888888888889,max
1,54,0.06489478175838788,0.9996764063835144,0.3888888888888889,max
1,55,0.07338707149028778,1.006034016609192,0.3888888888888889,max
1,56,0.06493275612592697,1.0087262392044067,0.3888888888888889,max
1,57,0.05923605586091677,1.0144951343536377,0.3888888888888889,max
1,58,0.06384180982907613,1.0220286846160889,0.3888888888888889,max
1,59,0.06360630442698796,1.026540756225586,0.3888888888888889,max
1,60,0.060970050593217216,1.0240195989608765,0.3888888888888889,max
1,61,0.059087579449017845,1.0212963819503784,0.3888888888888889,max
1,62,0.054772124936183296,1.0207409858703613,0.3888888888888889,max
1,63,0.055676606794198356,1.0220136642456055,0.3888888888888889,max
1,64,0.054862757523854576,1.0301852226257324,0.3888888888888889,max
1,65,0.05504530419905981,1.0352860689163208,0.3888888888888889,max
1,66,0.05240221694111824,1.0376532077789307,0.3888888888888889,max
1,67,0.05202948674559593,1.0442204475402832,0.3888888888888889,max
1,68,0.049872469156980515,1.0515046119689941,0.3888888888888889,max
1,69,0.046176390101512275,1.0546268224716187,0.4444444444444444,max
1,70,0.053896769881248474,1.0584346055984497,0.4444444444444444,max
1,71,0.04701912278930346,1.06096613407135,0.4444444444444444,max
1,72,0.046525185306866966,1.0596023797988892,0.4444444444444444,max
1,73,0.04151765629649162,1.0557280778884888,0.4444444444444444,max
1,74,0.04657157634695371,1.055132269859314,0.4444444444444444,max
1,75,0.03926647206147512,1.057626724243164,0.4444444444444444,max
1,76,0.04280135904749235,1.0637121200561523,0.4444444444444444,max
1,77,0.0492122508585453,1.0670173168182373,0.4444444444444444,max
1,78,0.041596936682860054,1.0698691606521606,0.4444444444444444,max
1,79,0.03316729019085566,1.0791277885437012,0.4444444444444444,max
1,80,0.04325274253884951,1.088249683380127,0.4444444444444444,max
2,1,0.7334930102030436,0.560899019241333,0.5,max
2,2,0.5952758491039276,0.48602062463760376,0.5,max
2,3,0.5851867993672689,0.4757475256919861,0.5,max
2,4,0.5825223128000895,0.4864598512649536,0.5,max
2,5,0.5581775108973185,0.49093538522720337,0.5,max
2,6,0.5209875802199045,0.5092295408248901,0.5,max
2,7,0.4610068102677663,0.5207493901252747,0.5,max
2,8,0.4443906545639038,0.52684086561203,0.5,max
2,9,0.46594327688217163,0.5082317590713501,0.5,max
2,10,0.38919331630071,0.4955030083656311,0.5,max
2,11,0.3607938488324483,0.48597416281700134,0.5,max
2,12,0.36657461524009705,0.4891544580459595,0.5,max
2,13,0.3550136387348175,0.4968223571777344,0.5,max
2,14,0.32301321625709534,0.5071627497673035,0.5,max
2,15,0.3135256419579188,0.5161588191986084,0.5,max
2,16,0.31546690066655475,0.5075493454933167,0.5,max
2,17,0.30020355184872943,0.5063512325286865,0.5833333333333334,max
2,18,0.25092316667238873,0.498667448759079,0.5833333333333334,max
2,19,0.2813856601715088,0.49175989627838135,0.4166666666666667,max
2,20,0.24698542058467865,0.4800363779067993,0.4166666666666667,max
2,21,0.23609385887781778,0.4795702397823334,0.4166666666666667,max
2,22,0.23363320032755533,0.48185423016548157,0.4166666666666667,max
2,23,0.20838845272858939,0.4804798662662506,0.4166666666666667,max
2,24,0.20119030276934305,0.4889846444129944,0.4166666666666667,max
2,25,0.19638943672180176,0.4982066750526428,0.4166666666666667,max
2,26,0.17777788639068604,0.5005701780319214,0.4166666666666667,max
2,27,0.1838072141011556,0.5035372376441956,0.4166666666666667,max
2,28,0.1778737505276998,0.4998084604740143,0.4166666666666667,max
2,29,0.17219994962215424,0.4962943494319916,0.4166666666666667,max
2,30,0.15263521174589792,0.49922657012939453,0.4166666666666667,max
2,31,0.17528466880321503,0.5009525418281555,0.4166666666666667,max
2,32,0.16591318448384604,0.5018892884254456,0.4166666666666667,max
2,33,0.14570054411888123,0.5006245970726013,0.4166666666666667,max
2,34,0.15742205828428268,0.49937596917152405,0.4166666666666667,max
2,35,0.1349248910943667,0.5002685189247131,0.4166666666666667,max
2,36,0.13505754619836807,0.49850115180015564,0.4166666666666667,max
2,37,0.1299887721737226,0.49249160289764404,0.4166666666666667,max
2,38,0.13404273490111032,0.4903782606124878,0.4166666666666667,max
2,39,0.1447953780492147,0.49780163168907166,0.5,max
2,40,0.12152863790591557,0.5075608491897583,0.5,max
2,41,0.12342152247826259,0.5078117847442627,0.5,max
2,42,0.11953552067279816,0.5118530988693237,0.5,max
2,43,0.11122610668341319,0.5112797617912292,0.5,max
2,44,0.1192272479335467,0.5123019814491272,0.5,max
2,45,0.1094438408811887,0.5116900205612183,0.5,max
2,46,0.10603700826565425,0.5112449526786804,0.5,max
2,47,0.09477078169584274,0.5119072198867798,0.5,max
2,48,0.09368793666362762,0.5120314359664917,0.4166666666666667,max
2,49,0.09099135299523671,0.5138735175132751,0.4166666666666667,max
2,50,0.09010010212659836,0.5189211368560791,0.4166666666666667,max
2,51,0.08769211421410243,0.5223903656005859,0.4166666666666667,max
2,52,0.08301538601517677,0.5219109058380127,0.4166666666666667,max
2,53,0.07858471075693767,0.5229215025901794,0.4166666666666667,max
2,54,0.08168893431623776,0.5207674503326416,0.4166666666666667,max
2,55,0.07765844464302063,0.5201075077056885,0.4166666666666667,max
2,56,0.07637582719326019,0.5178544521331787,0.4166666666666667,max
2,57,0.07334041347106297,0.5214827060699463,0.4166666666666667,max
2,58,0.07623392095168431,0.5256875157356262,0.4166666666666667,max
2,59,0.07361628115177155,0.5268140435218811,0.4166666666666667,max
2,60,0.07418055087327957,0.5273268818855286,0.4166666666666667,max
2,61,0.0677068072060744,0.5266420245170593,0.4166666666666667,max
2,62,0.06229626263181368,0.5243708491325378,0.4166666666666667,max
2,63,0.06735138967633247,0.5219888091087341,0.4166666666666667,max
2,64,0.0663880817592144,0.5273159742355347,0.4166666666666667,max
2,65,0.06291423365473747,0.5344672203063965,0.4166666666666667,max
2,66,0.06116702531774839,0.5412119626998901,0.4166666666666667,max
2,67,0.07341382776697476,0.5453169345855713,0.4166666666666667,max
2,68,0.05691540613770485,0.5461418032646179,0.4166666666666667,max
2,69,0.06713173165917397,0.5426433086395264,0.4166666666666667,max
2,70,0.05868183200558027,0.5386196374893188,0.4166666666666667,max
2,71,0.06849006315072377,0.534833550453186,0.4166666666666667,max
2,72,0.06185897812247276,0.5378400087356567,0.4166666666666667,max
2,73,0.05300132681926092,0.5393036603927612,0.4166666666666667,max
2,74,0.0494157945116361,0.5423198938369751,0.4166666666666667,max
2,75,0.05764464537302653,0.5468518137931824,0.4166666666666667,max
2,76,0.0520232655107975,0.5519037842750549,0.4166666666666667,max
2,77,0.05052953213453293,0.555152952671051,0.4166666666666667,max
2,78,0.04863123968243599,0.5523239970207214,0.4166666666666667,max
2,79,0.04408679033319155,0.5525385737419128,0.4166666666666667,max
2,80,0.050030109783013664,0.545417070388794,0.4166666666666667,max
3,1,0.7213098009427389,0.6866228580474854,0.4375,max
3,2,0.5695929030577341,0.6940450072288513,0.4375,max
3,3,0.5934778849283854,0.7121870517730713,0.4375,max
3,4,0.547395129998525,0.7052768468856812,0.375,max
3,5,0.509246160586675,0.70022052526474,0.4375,max
3,6,0.48673264185587567,0.7019708752632141,0.4375,max
3,7,0.4472610255082448,0.6936627626419067,0.4375,max
3,8,0.3993932604789734,0.6912015080451965,0.4375,max
3,9,0.4212322036425273,0.6837426424026489,0.375,max
3,10,0.39972493052482605,0.6731613874435425,0.375,max
3,11,0.3687473138173421,0.6752359867095947,0.375,max
3,12,0.32743486762046814,0.6838000416755676,0.375,max
3,13,0.3423215051492055,0.6916223764419556,0.375,max
3,14,0.3150411347548167,0.6999805569648743,0.375,max
3,15,0.3078717589378357,0.7094933986663818,0.375,max
3,16,0.26634544134140015,0.718438446521759,0.375,max
3,17,0.2773893674214681,0.7187051773071289,0.375,max
3,18,0.2577999035517375,0.7113787531852722,0.375,max
3,19,0.24422400693098703,0.7142009735107422,0.375,max
3,20,0.2365854779879252,0.7266881465911865,0.375,max
3,21,0.2287190705537796,0.7413315773010254,0.4375,max
3,22,0.23494495451450348,0.7505377531051636,0.4375,max
3,23,0.2074004461367925,0.7570708990097046,0.4375,max
3,24,0.20278453330198923,0.7568418979644775,0.4375,max
3,25,0.20467370251814523,0.7460440993309021,0.5,max
3,26,0.18976530929406485,0.7322400212287903,0.5625,max
3,27,0.1718802253405253,0.7311051487922668,0.5625,max
3,28,0.19375914831956229,0.7315351963043213,0.5625,max
3,29,0.19060905774434408,0.7354581952095032,0.5625,max
3,30,0.17510335644086203,0.7469963431358337,0.5625,max
3,31,0.16035970052083334,0.7619189023971558,0.5625,max
3,32,0.1607981969912847,0.7751067876815796,0.5625,max
3,33,0.14516767859458923,0.7795675992965698,0.5625,max
3,34,0.13782293846209845,0.7840263247489929,0.5625,max
3,35,0.13307768354813257,0.7918017506599426,0.5625,max
3,36,0.1440573831399282,0.7920039892196655,0.5625,max
3,37,0.1375371366739273,0.7956749796867371,0.5625,max
3,38,0.12660641968250275,0.8007030487060547,0.5625,max
3,39,0.11453624814748764,0.8033773899078369,0.5625,max
3,40,0.10946240276098251,0.8039705753326416,0.5625,max
3,41,0.12508645902077356,0.8017127513885498,0.5625,max
3,42,0.10950944324334462,0.7994182109832764,0.5625,max
3,43,0.11793773869673412,0.8011893630027771,0.5625,max
3,44,0.09239239742358525,0.8029448986053467,0.5625,max
3,45,0.1060791586836179,0.8094303607940674,0.5625,max
3,46,0.11866143594185512,0.8191214203834534,0.5625,max
3,47,0.09101214756568272,0.8294242024421692,0.5625,max
3,48,0.10251652201016744,0.8380627036094666,0.5625,max
3,49,0.09614257762829463,0.8421051502227783,0.5625,max
3,50,0.08507843067248662,0.8416621088981628,0.5625,max
3,51,0.08947086830933888,0.8468372821807861,0.5625,max
3,52,0.08797014007965724,0.8526323437690735,0.5625,max
3,53,0.09748021016518275,0.855522871017456,0.5625,max
3,54,0.08901313692331314,0.8556137681007385,0.5625,max
3,55,0.09391464541355769,0.8522569537162781,0.5625,max
3,56,0.0674025888244311,0.850468635559082,0.5625,max
3,57,0.06726434454321861,0.8467141389846802,0.5625,max
3,58,0.0830292118092378,0.8467182517051697,0.5625,max
3,59,0.07797527561585109,0.8470537066459656,0.5625,max
3,60,0.07593584309021632,0.8526515960693359,0.5625,max
3,61,0.0793096199631691,0.8575451374053955,0.5625,max
3,62,0.07006964832544327,0.8623539805412292,0.5625,max
3,63,0.06953197345137596,0.8706524968147278,0.5625,max
3,64,0.0629853829741478,0.874629557132721,0.5625,max
3,65,0.06634543587764104,0.8790231347084045,0.5625,max
3,66,0.06420368825395902,0.8838664293289185,0.5625,max
3,67,0.06339544182022412,0.8899900913238525,0.5625,max
3,68,0.05877427632610003,0.896367609500885,0.5625,max
3,69,0.05355912446975708,0.901313066482544,0.5625,max
3,70,0.05758035555481911,0.904164731502533,0.5625,max
3,71,0.0594458281993866,0.908386766910553,0.5625,max
3,72,0.05456180373827616,0.907111406326294,0.5625,max
3,73,0.05307741711537043,0.90201735496521,0.5625,max
3,74,0.05467567344506582,0.9008495807647705,0.5625,max
3,75,0.06130332872271538,0.9054858088493347,0.5625,max
3,76,0.06058564782142639,0.9083401560783386,0.5625,max
3,77,0.04738963892062505,0.9103835225105286,0.5625,max
3,78,0.04613624637325605,0.9178444743156433,0.5625,max
3,79,0.04586085925499598,0.9223015904426575,0.5625,max
3,80,0.04395859067638715,0.9242350459098816,0.5625,max
4,1,0.7641239364941915,0.6406075954437256,0.21428571428571427,max
4,2,0.6026842991511027,0.6584221720695496,0.21428571428571427,max
4,3,0.5611680944760641,0.7114666700363159,0.2857142857142857,max
4,4,0.538468579451243,0.7231395244598389,0.35714285714285715,max
4,5,0.5220910608768463,0.7162634134292603,0.35714285714285715,max
4,6,0.4810501237710317,0.7006458044052124,0.2857142857142857,max
4,7,0.47006083528200787,0.6859567761421204,0.2857142857142857,max
4,8,0.40324803193410236,0.6666175127029419,0.35714285714285715,max
4,9,0.40959490338961285,0.6574881672859192,0.35714285714285715,max
4,10,0.3852091133594513,0.6523330807685852,0.35714285714285715,max
4,11,0.3545102874437968,0.655505895614624,0.42857142857142855,max
4,12,0.32243017355600995,0.6525460481643677,0.5,max
4,13,0.31024805704752606,0.6459519267082214,0.5,max
4,14,0.307058721780777,0.6577128767967224,0.5,max
4,15,0.2859777013460795,0.667119562625885,0.5,max
4,16,0.2670707205931346,0.6841269731521606,0.5,max
4,17,0.2642164081335068,0.6987671256065369,0.5,max
4,18,0.25732188920180005,0.6944501399993896,0.5,max
4,19,0.2431003451347351,0.6910175681114197,0.5,max
4,20,0.22796151041984558,0.6726564764976501,0.5,max
4,21,0.21658353507518768,0.6789914965629578,0.5,max
4,22,0.2068017820517222,0.6883078217506409,0.5,max
4,23,0.2017146646976471,0.6937419176101685,0.5,max
4,24,0.20748340586821237,0.7015231847763062,0.5,max
4,25,0.1735514352718989,0.7056310772895813,0.5,max
4,26,0.1817514399687449,0.7058734893798828,0.5,max
4,27,0.1744208186864853,0.7210448384284973,0.5,max
4,28,0.1783057600259781,0.7385696172714233,0.5,max
4,29,0.15872117380301157,0.7464889287948608,0.5,max
4,30,0.16881965100765228,0.7579203844070435,0.5,max
4,31,0.14045089731613794,0.764061450958252,0.5,max
4,32,0.14368215451637903,0.7651946544647217,0.5,max
4,33,0.12998600055774054,0.7607465386390686,0.42857142857142855,max
4,34,0.12623280535141626,0.7578890323638916,0.42857142857142855,max
4,35,0.13706651826699576,0.7534152269363403,0.42857142857142855,max
4,36,0.13533161580562592,0.7501546144485474,0.42857142857142855,max
4,37,0.11855877935886383,0.7585065364837646,0.42857142857142855,max
4,38,0.11146086206038792,0.773291826248169,0.42857142857142855,max
4,39,0.12000707785288493,0.7984186410903931,0.42857142857142855,max
4,40,0.11699226746956508,0.8186733722686768,0.42857142857142855,max
4,41,0.10155684500932693,0.8249218463897705,0.42857142857142855,max
4,42,0.10978684574365616,0.8080640435218811,0.42857142857142855,max
4,43,0.0930474450190862,0.7987356781959534,0.42857142857142855,max
4,44,0.10004885246356328,0.7893007397651672,0.42857142857142855,max
4,45,0.0912448118130366,0.7843400835990906,0.42857142857142855,max
4,46,0.0955314189195633,0.7910029888153076,0.42857142857142855,max
4,47,0.08494784186283748,0.8004297614097595,0.42857142857142855,max
4,48,0.09250715126593907,0.8010529279708862,0.42857142857142855,max
4,49,0.07930223147074382,0.8066394329071045,0.42857142857142855,max
4,50,0.09020049373308818,0.8139246702194214,0.42857142857142855,max
4,51,0.07414711018403371,0.8216835856437683,0.42857142857142855,max
4,52,0.0791350541015466,0.828880786895752,0.42857142857142855,max
4,53,0.07501775523026784,0.8338527083396912,0.42857142857142855,max
4,54,0.07190097620089848,0.8429768085479736,0.42857142857142855,max
4,55,0.07738463208079338,0.8498382568359375,0.42857142857142855,max
4,56,0.07238050426046054,0.8555725812911987,0.42857142857142855,max
4,57,0.0662304845949014,0.8601126074790955,0.42857142857142855,max
4,58,0.07164461414019267,0.8602508902549744,0.42857142857142855,max
4,59,0.0682908867796262,0.8619685769081116,0.5,max
4,60,0.07161784544587135,0.8577762246131897,0.5,max
4,61,0.07335030411680539,0.8486107587814331,0.5,max
4,62,0.06586290895938873,0.8490120768547058,0.5,max
4,63,0.06388115634520848,0.8538866639137268,0.5,max
4,64,0.05811655521392822,0.8599936962127686,0.5,max
4,65,0.059264508386452995,0.8665768504142761,0.5,max
4,66,0.06226076309879621,0.8746955394744873,0.5,max
4,67,0.05831356719136238,0.8800699710845947,0.42857142857142855,max
4,68,0.05217848221460978,0.8929131627082825,0.42857142857142855,max
4,69,0.06326039507985115,0.9039252400398254,0.42857142857142855,max
4,70,0.052901839216550194,0.9110379815101624,0.42857142857142855,max
4,71,0.054288780937592186,0.9138548374176025,0.42857142857142855,max
4,72,0.04847033446033796,0.9171778559684753,0.42857142857142855,max
4,73,0.04968883593877157,0.9163405895233154,0.42857142857142855,max
4,74,0.04694802934924761,0.9188000559806824,0.42857142857142855,max
4,75,0.04519888882835706,0.9240038990974426,0.42857142857142855,max
4,76,0.039535662780205406,0.9263421297073364,0.42857142857142855,max
4,77,0.044533386205633484,0.9341843724250793,0.42857142857142855,max
4,78,0.04807893310983976,0.9325112104415894,0.42857142857142855,max
4,79,0.046166605005661644,0.9306395649909973,0.42857142857142855,max
4,80,0.049230831364790596,0.921762228012085,0.42857142857142855,max
0,1,0.7448822061220804,0.6359355449676514,0.5,attn
0,2,0.6017405192057291,0.6425772905349731,0.6,attn
0,3,0.5186818937460581,0.6559942364692688,0.55,attn
0,4,0.4896250367164612,0.6781331896781921,0.55,attn
0,5,0.44591079155604046,0.6959852576255798,0.5,attn
0,6,0.43212515115737915,0.7060087323188782,0.5,attn
0,7,0.42704394459724426,0.7069808840751648,0.55,attn
0,8,0.4018428723017375,0.7052090167999268,0.55,attn
0,9,0.3682686189810435,0.7021396160125732,0.6,attn
0,10,0.3523110846678416,0.6982411742210388,0.55,attn
0,11,0.3344927132129669,0.6911185383796692,0.55,attn
0,12,0.2918974459171295,0.6874319911003113,0.55,attn
0,13,0.29127588371435803,0.6837222576141357,0.55,attn
0,14,0.25739096105098724,0.6842864751815796,0.55,attn
0,15,0.23795285820960999,0.6833111047744751,0.55,attn
0,16,0.21830051640669504,0.685866117477417,0.55,attn
0,17,0.20792570213476816,0.6840673089027405,0.55,attn
0,18,0.19044857223828635,0.6887552738189697,0.55,attn
0,19,0.17786137262980142,0.691875696182251,0.55,attn
0,20,0.1719155510266622,0.70076984167099,0.55,attn
0,21,0.15793085346619287,0.7078514099121094,0.5,attn
0,22,0.1447161634763082,0.7170435786247253,0.5,attn
0,23,0.13819099714358649,0.7249177098274231,0.5,attn
0,24,0.12236022452513377,0.7313740253448486,0.5,attn
0,25,0.11948792139689128,0.7386877536773682,0.5,attn
0,26,0.10849144558111827,0.7457098960876465,0.5,attn
0,27,0.1008558322985967,0.7515531778335571,0.5,attn
0,28,0.09939590841531754,0.75862717628479,0.5,attn
0,29,0.09017910559972127,0.7653546333312988,0.5,attn
0,30,0.08486057072877884,0.7706107497215271,0.5,attn
0,31,0.08483536044756572,0.7791851758956909,0.5,attn
0,32,0.08284533023834229,0.7856488227844238,0.5,attn
0,33,0.07674362386266391,0.7902752757072449,0.5,attn
0,34,0.06902142614126205,0.7942609190940857,0.5,attn
0,35,0.07174397259950638,0.798046886920929,0.5,attn
0,36,0.06509744251767795,0.8029288053512573,0.5,attn
0,37,0.06267314155896504,0.8085980415344238,0.5,attn
0,38,0.05580680320660273,0.8136176466941833,0.5,attn
0,39,0.05840497836470604,0.8192213773727417,0.5,attn
0,40,0.051882938792308174,0.8248844146728516,0.5,attn
0,41,0.05430575211842855,0.8296509981155396,0.5,attn
0,42,0.05300086860855421,0.8358024954795837,0.5,attn
0,43,0.048849646002054214,0.8430883884429932,0.5,attn
0,44,0.04414209475119909,0.8488459587097168,0.5,attn
0,45,0.0447409525513649,0.8535556793212891,0.5,attn
0,46,0.040734301010767617,0.8577129244804382,0.5,attn
0,47,0.03970269983013471,0.8608911633491516,0.5,attn
0,48,0.03899936998883883,0.8635936975479126,0.5,attn
0,49,0.03634543096025785,0.8662773370742798,0.5,attn
0,50,0.039287835359573364,0.8706262707710266,0.5,attn
0,51,0.03533276046315829,0.8743024468421936,0.5,attn
0,52,0.03902586301167806,0.8776648044586182,0.5,attn
0,53,0.032580326000849404,0.8839147090911865,0.5,attn
0,54,0.035888455187280975,0.8898680806159973,0.5,attn
0,55,0.03630041020611922,0.89433354139328,0.5,attn
0,56,0.032214825972914696,0.8979313373565674,0.5,attn
0,57,0.03257676959037781,0.9001601338386536,0.5,attn
0,58,0.03292706857124964,0.9032729268074036,0.5,attn
0,59,0.027608771498004597,0.9067943096160889,0.5,attn
0,60,0.030360400676727295,0.9101647138595581,0.5,attn
0,61,0.02989961269001166,0.9122092127799988,0.5,attn
0,62,0.024439534172415733,0.9151962995529175,0.5,attn
0,63,0.024747503300507862,0.9176307320594788,0.5,attn
0,64,0.024619080126285553,0.9202029705047607,0.5,attn
0,65,0.024662557989358902,0.9229736328125,0.5,attn
0,66,0.023531198501586914,0.9257251024246216,0.5,attn
0,67,0.023038260638713837,0.9294260740280151,0.5,attn
0,68,0.021892881020903587,0.9333941340446472,0.5,attn
0,69,0.022889203081528347,0.9376587271690369,0.5,attn
0,70,0.020019738003611565,0.942671537399292,0.5,attn
0,71,0.021179094289739925,0.9480673670768738,0.5,attn
0,72,0.02073226434489091,0.9520848393440247,0.5,attn
0,73,0.021531449630856514,0.9563753604888916,0.5,attn
0,74,0.019422737881541252,0.9602384567260742,0.5,attn
0,75,0.018493812531232834,0.9655869007110596,0.5,attn
0,76,0.0193142785380284,0.9708163142204285,0.5,attn
0,77,0.018188613777359326,0.9743760228157043,0.5,attn
0,78,0.017942820054789383,0.9783026576042175,0.5,attn
0,79,0.018367110441128414,0.9805615544319153,0.5,attn
0,80,0.0172983647013704,0.9821929931640625,0.5,attn
1,1,0.6748825709025065,0.6151627898216248,0.4444444444444444,attn
1,2,0.5544983347256979,0.606456995010376,0.3888888888888889,attn
1,3,0.5045020977656046,0.6338383555412292,0.3333333333333333,attn
1,4,0.4734332362810771,0.6663153171539307,0.3333333333333333,attn
1,5,0.4579304854075114,0.6866427659988403,0.3888888888888889,attn
1,6,0.4258502225081126,0.6983091235160828,0.3888888888888889,attn
1,7,0.39189234375953674,0.7032322287559509,0.4444444444444444,attn
1,8,0.36858118573824566,0.7023426294326782,0.4444444444444444,attn
1,9,0.34501412510871887,0.7008368968963623,0.5,attn
1,10,0.3145412604014079,0.6966590881347656,0.3888888888888889,attn
1,11,0.29708046714464825,0.6909536719322205,0.5,attn
1,12,0.2788429359594981,0.6857836246490479,0.5555555555555556,attn
1,13,0.2717345754305522,0.683173418045044,0.5555555555555556,attn
1,14,0.24419574439525604,0.6813082098960876,0.5555555555555556,attn
1,15,0.2256996085246404,0.6787609457969666,0.5555555555555556,attn
1,16,0.21824725965658823,0.6772897839546204,0.5555555555555556,attn
1,17,0.19877713918685913,0.6794202327728271,0.5555555555555556,attn
1,18,0.18434963126977286,0.6821057200431824,0.5555555555555556,attn
1,19,0.1672301391760508,0.6835377812385559,0.5555555555555556,attn
1,20,0.16121719280878702,0.6841403245925903,0.5555555555555556,attn
1,21,0.14674726128578186,0.6843621730804443,0.5,attn
1,22,0.1406459112962087,0.6875337958335876,0.5555555555555556,attn
1,23,0.13589241355657578,0.6917643547058105,0.5555555555555556,attn
1,24,0.1283059964577357,0.7018354535102844,0.5,attn
1,25,0.11357245594263077,0.7117429375648499,0.5,attn
1,26,0.11432344963153203,0.7139809727668762,0.5,attn
1,27,0.0936686173081398,0.7156648635864258,0.5,attn
1,28,0.10933374613523483,0.7168331146240234,0.5,attn
1,29,0.08891892433166504,0.7154107689857483,0.5,attn
1,30,0.0845061515768369,0.7282940745353699,0.5,attn
1,31,0.08857862651348114,0.7380141019821167,0.4444444444444444,attn
1,32,0.07844458272059758,0.7410404682159424,0.5,attn
1,33,0.07695852468411128,0.7507035136222839,0.5,attn
1,34,0.07001260295510292,0.75314861536026,0.5,attn
1,35,0.07351980234185855,0.7557907104492188,0.5,attn
1,36,0.06215427319208781,0.761002779006958,0.5,attn
1,37,0.06112627560893694,0.7671265006065369,0.5,attn
1,38,0.059126075357198715,0.7714478969573975,0.5,attn
1,39,0.05591354767481486,0.7745432257652283,0.5,attn
1,40,0.06084324171145757,0.776091992855072,0.5,attn
1,41,0.05365065981944402,0.7747107148170471,0.5,attn
1,42,0.0483944204946359,0.7754868268966675,0.5,attn
1,43,0.05007323622703552,0.7783132195472717,0.5,attn
1,44,0.05233066404859225,0.7809458374977112,0.5,attn
1,45,0.04846539348363876,0.7805269360542297,0.5,attn
1,46,0.04638218879699707,0.7831624150276184,0.5,attn
1,47,0.03878215327858925,0.7871395349502563,0.5,attn
1,48,0.04380134493112564,0.7899946570396423,0.5,attn
1,49,0.046100967874129616,0.7929614782333374,0.5,attn
1,50,0.03683188371360302,0.7986036539077759,0.5,attn
1,51,0.03672972321510315,0.8032048940658569,0.4444444444444444,attn
1,52,0.04049290344119072,0.8120062351226807,0.3888888888888889,attn
1,53,0.03813393165667852,0.8190752267837524,0.3888888888888889,attn
1,54,0.035750982662041984,0.8228707313537598,0.3888888888888889,attn
1,55,0.033113863319158554,0.8232929706573486,0.4444444444444444,attn
1,56,0.037849281604091324,0.8147862553596497,0.4444444444444444,attn
1,57,0.029539907972017925,0.812360405921936,0.4444444444444444,attn
1,58,0.03720363105336825,0.8147666454315186,0.4444444444444444,attn
1,59,0.03096828858057658,0.8183929324150085,0.4444444444444444,attn
1,60,0.029588607450326283,0.8243424892425537,0.4444444444444444,attn
1,61,0.02957590917746226,0.8310525417327881,0.3888888888888889,attn
1,62,0.025697458535432816,0.8368639349937439,0.3888888888888889,attn
1,63,0.02842520922422409,0.8414946794509888,0.3888888888888889,attn
1,64,0.025768304243683815,0.8440183401107788,0.3888888888888889,attn
1,65,0.022366419434547424,0.8484620451927185,0.3888888888888889,attn
1,66,0.026992517213026684,0.8509893417358398,0.3888888888888889,attn
1,67,0.02088983232776324,0.8526209592819214,0.3888888888888889,attn
1,68,0.022586385409037273,0.8554418087005615,0.3888888888888889,attn
1,69,0.02357522336145242,0.8594273924827576,0.3888888888888889,attn
1,70,0.02190321870148182,0.8605106472969055,0.3888888888888889,attn
1,71,0.024238775794704754,0.8560659289360046,0.4444444444444444,attn
1,72,0.022971692805488903,0.8540332913398743,0.4444444444444444,attn
1,73,0.022943482423822086,0.8561323881149292,0.4444444444444444,attn
1,74,0.02035229094326496,0.8600881695747375,0.4444444444444444,attn
1,75,0.018198208262523014,0.8675853610038757,0.4444444444444444,attn
1,76,0.02061175586034854,0.8750861287117004,0.3888888888888889,attn
1,77,0.019331638390819233,0.8823516368865967,0.3888888888888889,attn
1,78,0.018484689916173618,0.8858966827392578,0.3888888888888889,attn
1,79,0.01963306466738383,0.8874292969703674,0.3888888888888889,attn
1,80,0.017520459989706676,0.8887762427330017,0.3888888888888889,attn
2,1,0.6650502880414327,0.5813185572624207,0.75,attn
2,2,0.5831011335055033,0.5207874774932861,0.75,attn
2,3,0.5377177198727926,0.4934285879135132,0.6666666666666666,attn
2,4,0.5097774664560953,0.4791070222854614,0.5833333333333334,attn
2,5,0.48763352632522583,0.47562873363494873,0.5833333333333334,attn
2,6,0.4571426014105479,0.46884584426879883,0.6666666666666666,attn
2,7,0.43656250834465027,0.46879830956459045,0.6666666666666666,attn
2,8,0.4048743744691213,0.4682435989379883,0.6666666666666666,attn
2,9,0.3735840817292531,0.4687867760658264,0.6666666666666666,attn
2,10,0.3514279822508494,0.47431251406669617,0.6666666666666666,attn
2,11,0.31861188014348346,0.4832046926021576,0.5833333333333334,attn
2,12,0.297699232896169,0.48718398809432983,0.5833333333333334,attn
2,13,0.27981887261072796,0.488505482673645,0.5,attn
2,14,0.2647794336080551,0.4935905635356903,0.5,attn
2,15,0.2441138376792272,0.49395424127578735,0.5,attn
2,16,0.22460409005482992,0.4944891333580017,0.5,attn
2,17,0.21200656394163767,0.49422305822372437,0.5,attn
2,18,0.1954436500867208,0.49302175641059875,0.5,attn
2,19,0.18485420445601145,0.49134212732315063,0.5,attn
2,20,0.1781793087720871,0.48978540301322937,0.5,attn
2,21,0.15996080140272775,0.49300771951675415,0.5,attn
2,22,0.1433565318584442,0.4952332079410553,0.5,attn
2,23,0.1377082442243894,0.49824053049087524,0.5,attn
2,24,0.12370707094669342,0.5009331703186035,0.5,attn
2,25,0.12364437182744344,0.5030052065849304,0.5,attn
2,26,0.11380127320686977,0.5070664882659912,0.4166666666666667,attn
2,27,0.1073762724796931,0.5103334188461304,0.4166666666666667,attn
2,28,0.10161733378966649,0.5118166208267212,0.4166666666666667,attn
2,29,0.09077958514293034,0.5150634050369263,0.4166666666666667,attn
2,30,0.08938107639551163,0.5164558291435242,0.4166666666666667,attn
2,31,0.08582080155611038,0.5191575884819031,0.4166666666666667,attn
2,32,0.08436579008897145,0.5215603709220886,0.4166666666666667,attn
2,33,0.08230970179041226,0.5240046381950378,0.4166666666666667,attn
2,34,0.07711371779441833,0.5282037258148193,0.4166666666666667,attn
2,35,0.06741334622104962,0.5308558940887451,0.3333333333333333,attn
2,36,0.07052703698476155,0.5349137187004089,0.3333333333333333,attn
2,37,0.06982185567418735,0.536914587020874,0.3333333333333333,attn
2,38,0.05780284727613131,0.5405623912811279,0.3333333333333333,attn
2,39,0.05907157436013222,0.5430946350097656,0.3333333333333333,attn
2,40,0.05123058706521988,0.5459145903587341,0.3333333333333333,attn
2,41,0.05109265074133873,0.5488948822021484,0.3333333333333333,attn
2,42,0.05418773492177328,0.5513826608657837,0.3333333333333333,attn
2,43,0.05698920910557111,0.552616536617279,0.3333333333333333,attn
2,44,0.04810228074590365,0.5534024238586426,0.3333333333333333,attn
2,45,0.04629485681653023,0.5544864535331726,0.3333333333333333,attn
2,46,0.04481718565026919,0.5551613569259644,0.3333333333333333,attn
2,47,0.044414824495712914,0.5568606853485107,0.3333333333333333,attn
2,48,0.04353507732351621,0.5589109659194946,0.3333333333333333,attn
2,49,0.03979965920249621,0.5612741708755493,0.3333333333333333,attn
2,50,0.03791245942314466,0.56467205286026,0.3333333333333333,attn
2,51,0.0402137798567613,0.566839873790741,0.3333333333333333,attn
2,52,0.04128617172439893,0.56862872838974,0.3333333333333333,attn
2,53,0.035336544116338096,0.5713138580322266,0.3333333333333333,attn
2,54,0.03865585227807363,0.5735353827476501,0.3333333333333333,attn
2,55,0.03562097561856111,0.5748885273933411,0.3333333333333333,attn
2,56,0.031257959082722664,0.5764061808586121,0.3333333333333333,attn
2,57,0.030854608863592148,0.5776135921478271,0.3333333333333333,attn
2,58,0.035752336184183754,0.577409029006958,0.3333333333333333,attn
2,59,0.03421995478371779,0.5781294703483582,0.3333333333333333,attn
2,60,0.027689925705393154,0.5796229243278503,0.3333333333333333,attn
2,61,0.03134807385504246,0.5813319087028503,0.3333333333333333,attn
2,62,0.026315834373235703,0.583081066608429,0.3333333333333333,attn
2,63,0.02573201743264993,0.585456132888794,0.3333333333333333,attn
2,64,0.02935299649834633,0.5875313878059387,0.3333333333333333,attn
2,65,0.027786833544572193,0.5899644494056702,0.3333333333333333,attn
2,66,0.027675932894150417,0.5923498272895813,0.3333333333333333,attn
2,67,0.02933081053197384,0.5960100889205933,0.3333333333333333,attn
2,68,0.02715320885181427,0.5985244512557983,0.3333333333333333,attn
2,69,0.02253030737241109,0.6006571650505066,0.3333333333333333,attn
2,70,0.023161019509037335,0.6030651926994324,0.3333333333333333,attn
2,71,0.023784456153710682,0.606077253818512,0.3333333333333333,attn
2,72,0.024272679040829342,0.6084255576133728,0.3333333333333333,attn
2,73,0.024441092585523922,0.6113476157188416,0.3333333333333333,attn
2,74,0.022768789281447727,0.6136674284934998,0.3333333333333333,attn
2,75,0.0236387699842453,0.6140946745872498,0.3333333333333333,attn
2,76,0.01868032415707906,0.6147863864898682,0.3333333333333333,attn
2,77,0.021493980661034584,0.613826334476471,0.3333333333333333,attn
2,78,0.022064282248417538,0.6137809753417969,0.3333333333333333,attn
2,79,0.020110792790850002,0.6137567162513733,0.3333333333333333,attn
2,80,0.01931077738602956,0.6147135496139526,0.3333333333333333,attn
3,1,0.7604245543479919,0.7079203724861145,0.625,attn
3,2,0.6097213824590048,0.6373324394226074,0.5625,attn
3,3,0.5298870305220286,0.6033150553703308,0.5625,attn
3,4,0.5003739893436432,0.5941818952560425,0.5,attn
3,5,0.48156293233235675,0.5964574813842773,0.5,attn
3,6,0.4526524543762207,0.6022061705589294,0.5625,attn
3,7,0.4229050874710083,0.6122948527336121,0.5625,attn
3,8,0.41187046964963275,0.6238664388656616,0.3125,attn
3,9,0.3707211712996165,0.6344351172447205,0.3125,attn
3,10,0.3377329111099243,0.6449860334396362,0.3125,attn
3,11,0.31807128588358563,0.654719352722168,0.3125,attn
3,12,0.3027571241060893,0.6595066785812378,0.3125,attn
3,13,0.2682625899712245,0.6646429300308228,0.3125,attn
3,14,0.25351913770039874,0.6692055463790894,0.3125,attn
3,15,0.22579610844453177,0.67684406042099,0.3125,attn
3,16,0.2160061995188395,0.6837450861930847,0.3125,attn
3,17,0.20050192872683206,0.6960830092430115,0.3125,attn
3,18,0.19038904706637064,0.7072319388389587,0.3125,attn
3,19,0.1896627644697825,0.7208579182624817,0.3125,attn
3,20,0.17205408215522766,0.7358734607696533,0.3125,attn
3,21,0.1658997337023417,0.7473886609077454,0.375,attn
3,22,0.14903422693411508,0.7568581700325012,0.4375,attn
3,23,0.1376307706038157,0.7642390727996826,0.4375,attn
3,24,0.13061203310887018,0.7716113328933716,0.4375,attn
3,25,0.12831343213717142,0.7807337641716003,0.4375,attn
3,26,0.11447354406118393,0.7881467342376709,0.4375,attn
3,27,0.10785806675752004,0.7942582368850708,0.4375,attn
3,28,0.10739137480656306,0.8018143773078918,0.4375,attn
3,29,0.09580761442581813,0.8105485439300537,0.4375,attn
3,30,0.10460143287976582,0.8189537525177002,0.4375,attn
3,31,0.09353053569793701,0.8267252445220947,0.4375,attn
3,32,0.09311580906311671,0.8355233073234558,0.4375,attn
3,33,0.090121328830719,0.8453389406204224,0.4375,attn
3,34,0.08541069676478703,0.8531478643417358,0.4375,attn
3,35,0.07257312536239624,0.8608394265174866,0.4375,attn
3,36,0.076557956635952,0.8662187457084656,0.4375,attn
3,37,0.07437090824047725,0.8706058859825134,0.4375,attn
3,38,0.0649375356733799,0.8745751976966858,0.4375,attn
3,39,0.07168587918082873,0.8759257197380066,0.4375,attn
3,40,0.06065416211883227,0.8778903484344482,0.4375,attn
3,41,0.06081037471691767,0.8819290995597839,0.4375,attn
3,42,0.05357243865728378,0.8871012330055237,0.4375,attn
3,43,0.05541402846574783,0.8915598392486572,0.4375,attn
3,44,0.04988607888420423,0.896613359451294,0.4375,attn
3,45,0.059488670279582344,0.900345504283905,0.4375,attn
3,46,0.048245089749495186,0.9058821201324463,0.4375,attn
3,47,0.047098046789566674,0.9114265441894531,0.4375,attn
3,48,0.04603858788808187,0.9166289567947388,0.4375,attn
3,49,0.04719720780849457,0.9212104082107544,0.4375,attn
3,50,0.039685419450203575,0.9238601326942444,0.4375,attn
3,51,0.03767292574048042,0.92743980884552,0.4375,attn
3,52,0.03872909024357796,0.9303715825080872,0.4375,attn
3,53,0.03738916416962942,0.9328113198280334,0.4375,attn
3,54,0.035460429886976876,0.936004102230072,0.4375,attn
3,55,0.03566617021958033,0.9392759799957275,0.4375,attn
3,56,0.02987607258061568,0.94315105676651,0.4375,attn
3,57,0.035025421530008316,0.9468874335289001,0.4375,attn
3,58,0.03838028013706207,0.951857328414917,0.4375,attn
3,59,0.03526281379163265,0.9580327272415161,0.375,attn
3,60,0.028091514483094215,0.9637432098388672,0.375,attn
3,61,0.030117078373829525,0.9696441292762756,0.375,attn
3,62,0.02960199738542239,0.9767698645591736,0.375,attn
3,63,0.028041570136944454,0.9833583831787109,0.375,attn
3,64,0.03068521556754907,0.9879356026649475,0.375,attn
3,65,0.02431890492637952,0.9911914467811584,0.375,attn
3,66,0.025449862082799275,0.9925345182418823,0.375,attn
3,67,0.027423846224943798,0.9938351511955261,0.375,attn
3,68,0.025691394383708637,0.9969379901885986,0.375,attn
3,69,0.02518095386524995,1.000152826309204,0.375,attn
3,70,0.02301714134713014,1.0023653507232666,0.375,attn
3,71,0.02540293087561925,1.0037140846252441,0.375,attn
3,72,0.022959352781375248,1.0077919960021973,0.375,attn
3,73,0.022607905169328053,1.0117264986038208,0.375,attn
3,74,0.01808388748516639,1.014662265777588,0.375,attn
3,75,0.020791163047154743,1.018042802810669,0.375,attn
3,76,0.019361434504389763,1.019789218902588,0.375,attn
3,77,0.02017795480787754,1.0223472118377686,0.375,attn
3,78,0.018784744665026665,1.024757742881775,0.375,attn
3,79,0.01877966585258643,1.0273282527923584,0.375,attn
3,80,0.021448306739330292,1.02946937084198,0.375,attn
4,1,0.6792660156885783,0.6176841855049133,0.42857142857142855,attn
4,2,0.5879616538683573,0.5843201875686646,0.6428571428571429,attn
4,3,0.5153305431207021,0.5700161457061768,0.5714285714285714,attn
4,4,0.5148438413937887,0.567172646522522,0.6428571428571429,attn
4,5,0.4827253520488739,0.5659393072128296,0.6428571428571429,attn
4,6,0.45806609590848285,0.5689871907234192,0.6428571428571429,attn
4,7,0.4314456482728322,0.5727241635322571,0.5714285714285714,attn
4,8,0.42012648781140643,0.5737890601158142,0.6428571428571429,attn
4,9,0.3993052840232849,0.5768705606460571,0.6428571428571429,attn
4,10,0.3653627932071686,0.57786625623703,0.6428571428571429,attn
4,11,0.3413993219534556,0.5746983885765076,0.6428571428571429,attn
4,12,0.31600989898045856,0.5755900740623474,0.6428571428571429,attn
4,13,0.29672276973724365,0.5810459852218628,0.6428571428571429,attn
4,14,0.2782963414986928,0.5862849354743958,0.6428571428571429,attn
4,15,0.2536674787600835,0.5912612080574036,0.6428571428571429,attn
4,16,0.2329498827457428,0.5957211852073669,0.6428571428571429,attn
4,17,0.2224727620681127,0.5988616943359375,0.5714285714285714,attn
4,18,0.19945556918780008,0.6076740622520447,0.5714285714285714,attn
4,19,0.1875134358803431,0.6149851679801941,0.5714285714285714,attn
4,20,0.1656374434630076,0.6230490803718567,0.5714285714285714,attn
4,21,0.15703638394673666,0.6569185853004456,0.6428571428571429,attn
4,22,0.1477783347169558,0.6594747304916382,0.5714285714285714,attn
4,23,0.14020706216494241,0.6197439432144165,0.7142857142857143,attn
4,24,0.13277186453342438,0.6277036666870117,0.7142857142857143,attn
4,25,0.1274233485261599,0.6440384387969971,0.7142857142857143,attn
4,26,0.1043936957915624,0.6571345329284668,0.6428571428571429,attn
4,27,0.10763362795114517,0.6642894148826599,0.6428571428571429,attn
4,28,0.10277547190586726,0.6718692779541016,0.6428571428571429,attn
4,29,0.0875094085931778,0.675753653049469,0.6428571428571429,attn
4,30,0.08800923079252243,0.6784263253211975,0.6428571428571429,attn
4,31,0.07849772522846858,0.680635392665863,0.7142857142857143,attn
4,32,0.0794475128253301,0.6825344562530518,0.7142857142857143,attn
4,33,0.0693854068716367,0.6824193000793457,0.7142857142857143,attn
4,34,0.07161967953046162,0.6838484406471252,0.7142857142857143,attn
4,35,0.06047343214352926,0.6865904331207275,0.7142857142857143,attn
4,36,0.05589705208937327,0.6884701251983643,0.7142857142857143,attn
4,37,0.06180722266435623,0.6927145719528198,0.7142857142857143,attn
4,38,0.05226570119460424,0.696978747844696,0.7142857142857143,attn
4,39,0.04980025440454483,0.7031582593917847,0.7142857142857143,attn
4,40,0.049557400246461235,0.7081984877586365,0.7142857142857143,attn
4,41,0.05719787130753199,0.7119813561439514,0.7142857142857143,attn
4,42,0.04743252942959467,0.7153796553611755,0.7142857142857143,attn
4,43,0.04228070999185244,0.7188059091567993,0.7142857142857143,attn
4,44,0.0429685985048612,0.7212488055229187,0.7142857142857143,attn
4,45,0.040335480123758316,0.7238286733627319,0.7142857142857143,attn
4,46,0.041449530671040215,0.726482629776001,0.7142857142857143,attn
4,47,0.041884553929169975,0.7284833788871765,0.7142857142857143,attn
4,48,0.039929029842217766,0.7316185832023621,0.7142857142857143,attn
4,49,0.034925696750481926,0.7368510961532593,0.7142857142857143,attn
4,50,0.03493369743227959,0.7410895824432373,0.7142857142857143,attn
4,51,0.03375533844033877,0.7448160648345947,0.7142857142857143,attn
4,52,0.0375702033440272,0.7479865550994873,0.7142857142857143,attn
4,53,0.03048330855866273,0.750601053237915,0.7142857142857143,attn
4,54,0.03118620626628399,0.7522842884063721,0.7142857142857143,attn
4,55,0.025059930980205536,0.7538127303123474,0.7142857142857143,attn
4,56,0.024190266306201618,0.7553246021270752,0.7142857142857143,attn
4,57,0.026901174957553547,0.7571879625320435,0.7142857142857143,attn
4,58,0.029600160817305248,0.7603482007980347,0.7142857142857143,attn
4,59,0.02373844136794408,0.763936460018158,0.7142857142857143,attn
4,60,0.022729535897572834,0.767426609992981,0.7142857142857143,attn
4,61,0.02542391854027907,0.7707295417785645,0.7142857142857143,attn
4,62,0.023023006195823353,0.7739901542663574,0.7142857142857143,attn
4,63,0.023408062756061554,0.775513231754303,0.7142857142857143,attn
4,64,0.024349628016352654,0.7778235673904419,0.7142857142857143,attn
4,65,0.021520427117745083,0.7810994386672974,0.7142857142857143,attn
4,66,0.019882552946607273,0.7839632034301758,0.7142857142857143,attn
4,67,0.02078044166167577,0.7868919968605042,0.7142857142857143,attn
4,68,0.01995421200990677,0.7896051406860352,0.7142857142857143,attn
4,69,0.01869561771551768,0.7921150326728821,0.7142857142857143,attn
4,70,0.020971419289708138,0.7957277297973633,0.7142857142857143,attn
4,71,0.018546955659985542,0.7992168068885803,0.7142857142857143,attn
4,72,0.01877496267358462,0.8031129837036133,0.7142857142857143,attn
4,73,0.019857551902532578,0.8046138286590576,0.7142857142857143,attn
4,74,0.02049416055281957,0.8078140020370483,0.7142857142857143,attn
4,75,0.01758690985540549,0.8107149600982666,0.7142857142857143,attn
4,76,0.0192959476262331,0.8147580623626709,0.7142857142857143,attn
4,77,0.017481465203066666,0.8174842000007629,0.7142857142857143,attn
4,78,0.018466079607605934,0.8198614716529846,0.7142857142857143,attn
4,79,0.016366707471509773,0.8217702507972717,0.7142857142857143,attn
4,80,0.0164213664829731,0.823307454586029,0.7142857142857143,attn
