label,n_gold_pos,coverage,TP,FP,FN,TN,unknown_but_positive,precision,recall_known,recall_all,f1_known,f1_all,accuracy_on_known
ACL,24,0.5862068965517241,21,4,0,9,3,0.84,1.0,0.875,0.9130434782608696,0.8571428571428572,0.8823529411764706
MCL,9,0.39655172413793105,6,4,0,13,3,0.6,1.0,0.6666666666666666,0.7499999999999999,0.631578947368421,0.8260869565217391
Medial Meniscus,26,0.46551724137931033,17,5,0,5,9,0.7727272727272727,1.0,0.6538461538461539,0.8717948717948718,0.7083333333333333,0.8148148148148148
Lateral Meniscus,23,0.4827586206896552,14,4,1,9,8,0.7777777777777778,0.9333333333333333,0.6086956521739131,0.8484848484848485,0.6829268292682927,0.8214285714285714
Medial OA,15,0.1896551724137931,8,1,0,2,7,0.8888888888888888,1.0,0.5333333333333333,0.9411764705882353,0.6666666666666667,0.9090909090909091
Lateral OA,11,0.08620689655172414,2,2,0,1,9,0.5,1.0,0.18181818181818182,0.6666666666666666,0.26666666666666666,0.6
PF OA,21,0.5344827586206896,11,4,2,14,8,0.7333333333333333,0.8461538461538461,0.5238095238095238,0.7857142857142856,0.611111111111111,0.8064516129032258
Effusion,35,0.7758620689655172,25,15,0,5,10,0.625,1.0,0.7142857142857143,0.7692307692307693,0.6666666666666666,0.6666666666666666
Synovitis,27,0.25862068965517243,11,4,0,0,16,0.7333333333333333,1.0,0.4074074074074074,0.846153846153846,0.5238095238095238,0.7333333333333333
Baker's,12,0.27586206896551724,7,4,0,5,5,0.6363636363636364,1.0,0.5833333333333334,0.7777777777777778,0.6086956521739131,0.75
Contusion,19,0.5517241379310345,14,16,0,2,5,0.4666666666666667,1.0,0.7368421052631579,0.6363636363636364,0.5714285714285714,0.5
Fracture,18,0.3620689655172414,10,5,0,6,8,0.6666666666666666,1.0,0.5555555555555556,0.8,0.606060606060606,0.7619047619047619
